record_id,status,content_type,source_type,source_origin,source_channel,query,source_url,source_file,title,uploader,duration,has_advertising,confidence_score,ad_classification,ad_reason,visual_score,audio_score,text_score,disclosure_score,link_score,brand_names,detected_brands_json,detected_keywords,disclosure_text,cta_matches,commercial_urls,transcript_preview,description_preview,processing_time,needs_review,review_reason,annotation_source,error
video::https://www.youtube.com/watch?v=va0BpnX7oUs,completed,video,youtube,youtube_search,,#ad sponsored review promo code,https://www.youtube.com/watch?v=va0BpnX7oUs,,Tax Slayer: PROMO CODE 50% OFF #ad,GeekyNerdDad,61.06099999999999,True,0.36602324267363057,official,Disclosure markers detected (e.g. ERID/#ad/#реклама).,0.1751601939710478,0.0,0.6696000000000001,1.0,0.0,Nike; TaxSlayer,"[{""name"": ""Nike"", ""confidence"": 0.76, ""timestamps"": [], ""source"": ""text_content (alias)"", ""frame_count"": 1, ""detections"": 1, ""occurrences"": 1, ""total_exposure_seconds"": 0.0, ""is_unknown"": false, ""is_discovered"": false}, {""name"": ""TaxSlayer"", ""confidence"": 0.6, ""timestamps"": [], ""source"": ""contextual_discovery"", ""frame_count"": 1, ""detections"": 1, ""occurrences"": 1, ""total_exposure_seconds"": 0.0, ""is_unknown"": false, ""is_discovered"": true}]",,#ad,,,"What is up everybody, Slayer Beck with you and today I want to talk to you guys again about  tax slayer. Now this time I have a promo code for you guys to use. I'll have it down the description below  but promo code social 50 you can 50% off your federal tax return and with tax slayer you get your  maximum refund. Make sure you guys check out that promo code down the description below, head over to  tax slayer and get your discount 50% off your federal filings. But yeah I was down here editing a",,77.2,True,low_confidence,veritasad_auto,
video::https://www.youtube.com/watch?v=QnCOfBd4thk,failed,video,youtube,youtube_search,,#ad sponsored review promo code,https://www.youtube.com/watch?v=QnCOfBd4thk,,"Titus + Wixwell + Pelops Testing in Hydra - Free account reviews, just ask. 2026-05-05 18:36",MobileGamer,,False,0.0,,"yt-dlp failed with code 1: [youtube] QnCOfBd4thk: Downloading web safari player API JSON
[youtube] QnCOfBd4thk: Downloading m3u8 information
[youtube] QnCOfBd4thk: Downloading m3u8 information
[youtube] QnCOfBd4thk: Downloading m3u8 information
[info] QnCOfBd4thk: Downloading 1 format(s): 301
[download] Destination: D:\Projects\VeritasAd\data\uploads\20260505_183652_f6992979.mp4
ERROR: m3u8 download detected but ffmpeg could not be found. Please install
ERROR: Unable to download video: [WinError 2] Не удается найти указанный файл: 'D:\\Projects\\VeritasAd\\data\\uploads\\20260505_183652_f6992979.mp4.part'",0.0,0.0,0.0,0.0,0.0,,[],,,,,,,3.89,True,analysis_failed,veritasad_auto,"yt-dlp failed with code 1: [youtube] QnCOfBd4thk: Downloading web safari player API JSON
[youtube] QnCOfBd4thk: Downloading m3u8 information
[youtube] QnCOfBd4thk: Downloading m3u8 information
[youtube] QnCOfBd4thk: Downloading m3u8 information
[info] QnCOfBd4thk: Downloading 1 format(s): 301
[download] Destination: D:\Projects\VeritasAd\data\uploads\20260505_183652_f6992979.mp4
ERROR: m3u8 download detected but ffmpeg could not be found. Please install
ERROR: Unable to download video: [WinError 2] Не удается найти указанный файл: 'D:\\Projects\\VeritasAd\\data\\uploads\\20260505_183652_f6992979.mp4.part'"
video::https://www.youtube.com/watch?v=DOGCzWGbaTQ,completed,video,youtube,youtube_search,,#ad sponsored review promo code,https://www.youtube.com/watch?v=DOGCzWGbaTQ,,REMILIA GREEN GODDESS SHAMPOO: Worth Buying or Skip? #ad. PROMO CODE*,Intangible Ideas,79.63333333333334,True,0.5197947021875382,official,Disclosure markers detected (e.g. ERID/#ad/#реклама).,0.47583508491516113,0.0,0.8861106553792953,1.0,0.15,Amazon; Would; Intangible; You; Williams Sonoma; L'Oréal; Cetaphil,"[{""name"": ""Amazon"", ""confidence"": 0.9799999999999999, ""timestamps"": [], ""source"": ""text_content"", ""frame_count"": 5, ""detections"": 5, ""occurrences"": 5, ""total_exposure_seconds"": 0.0, ""is_unknown"": false, ""is_discovered"": false}, {""name"": ""Would"", ""confidence"": 0.6, ""timestamps"": [], ""source"": ""contextual_discovery"", ""frame_count"": 1, ""detections"": 1, ""occurrences"": 1, ""total_exposure_seconds"": 0.0, ""is_unknown"": false, ""is_discovered"": true}, {""name"": ""Intangible"", ""confidence"": 0.6, ""timestamps"": [], ""source"": ""contextual_discovery"", ""frame_count"": 1, ""detections"": 1, ""occurrences"": 1, ""total_exposure_seconds"": 0.0, ""is_unknown"": false, ""is_discovered"": true}, {""name"": ""You"", ""confidence"": 0.6, ""timestamps"": [], ""source"": ""contextual_discovery"", ""frame_count"": 1, ""detections"": 1, ""occurrences"": 1, ""total_exposure_seconds"": 0.0, ""is_unknown"": false, ""is_discovered"": true}, {""name"": ""Williams Sonoma"", ""confidence"": 0.47583508491516113, ""timestamps"": [4.5, 5.5], ""source"": ""known"", ""frame_count"": 2, ""detections"": 2, ""occurrences"": 2, ""total_exposure_seconds"": 1.5, ""is_unknown"": false, ""is_discovered"": false}, {""name"": ""L'Oréal"", ""confidence"": 0.39239612221717834, ""timestamps"": [0.5, 1.0, 1.5, 2.0, 2.5, 3.0, 3.5, 5.0, 6.0, 7.5, 8.5, 9.0, 10.5, 11.5], ""source"": ""known"", ""frame_count"": 14, ""detections"": 14, ""occurrences"": 14, ""total_exposure_seconds"": 8.5, ""is_unknown"": false, ""is_discovered"": false}, {""name"": ""Cetaphil"", ""confidence"": 0.3293895125389099, ""timestamps"": [4.0, 6.5, 7.0, 8.0], ""source"": ""known"", ""frame_count"": 4, ""detections"": 4, ""occurrences"": 4, ""total_exposure_seconds"": 2.5, ""is_unknown"": false, ""is_discovered"": false}]",,#ad,,https://lvnta.com/lv_7hOImNiP7GrfCOXCur; https://geni.us/shop_AmberSchuetzIdeas,"Hi, I'd like to tell you about this green goddess shampoo by Ramilia. I love Ramilia products.  They sent this to me so that I could try it out and then tell you all about it.  I have used it once and I can already tell a difference in how soft and smooth my hair feels.  It has avocado oil, coconut oil, rosemary oil, green tea extract, and it is wonderful.  So you just open up the little stopper and let me show you how nice and thick it is.  And the smell of it is so good. I'm going to show you ",,108.14,True,low_confidence,veritasad_auto,
video::https://www.youtube.com/watch?v=UQDFTwgN8wY,completed,video,youtube,youtube_search,,#ad sponsored review promo code,https://www.youtube.com/watch?v=UQDFTwgN8wY,,HelloFresh presents Factor75 Use code FACTORSE1718 for $120 off #ad #sponsored #jmg #jonathanbj1977,jmgyoutube,159.2,True,0.6800976660251619,unofficial,Consistent brand evidence detected without official disclosure.,0.9368075728416443,0.0,1.0,1.0,0.3,Steam; PayPal; Pinterest; Snapchat; Reddit; YouTube; Fresh; Zomato; Sony; Rockstar; Xbox; Twitch; Discord; Logitech; WhatsApp; LinkedIn; Patreon; OnlyFans; Vimeo; Dailymotion; Battle.net; Capcom; Samsung; Intel; NVIDIA; ASUS; Amazon; Corsair; TikTok; Instagram; Facebook; Twitter; EA; Ram; Вкусно и точка,"[{""name"": ""Steam"", ""confidence"": 0.9799999999999999, ""timestamps"": [], ""source"": ""text_content"", ""frame_count"": 2, ""detections"": 2, ""occurrences"": 2, ""total_exposure_seconds"": 0.0, ""is_unknown"": false, ""is_discovered"": false}, {""name"": ""PayPal"", ""confidence"": 0.9799999999999999, ""timestamps"": [], ""source"": ""text_content"", ""frame_count"": 2, ""detections"": 2, ""occurrences"": 2, ""total_exposure_seconds"": 0.0, ""is_unknown"": false, ""is_discovered"": false}, {""name"": ""Pinterest"", ""confidence"": 0.9799999999999999, ""timestamps"": [], ""source"": ""text_content"", ""frame_count"": 2, ""detections"": 2, ""occurrences"": 2, ""total_exposure_seconds"": 0.0, ""is_unknown"": false, ""is_discovered"": false}, {""name"": ""Snapchat"", ""confidence"": 0.9799999999999999, ""timestamps"": [], ""source"": ""text_content"", ""frame_count"": 2, ""detections"": 2, ""occurrences"": 2, ""total_exposure_seconds"": 0.0, ""is_unknown"": false, ""is_discovered"": false}, {""name"": ""Reddit"", ""confidence"": 0.9799999999999999, ""timestamps"": [], ""source"": ""text_content"", ""frame_count"": 2, ""detections"": 2, ""occurrences"": 2, ""total_exposure_seconds"": 0.0, ""is_unknown"": false, ""is_discovered"": false}, {""name"": ""YouTube"", ""confidence"": 0.9799999999999999, ""timestamps"": [], ""source"": ""text_content"", ""frame_count"": 3, ""detections"": 3, ""occurrences"": 3, ""total_exposure_seconds"": 0.0, ""is_unknown"": false, ""is_discovered"": false}, {""name"": ""Fresh"", ""confidence"": 0.9799999999999999, ""timestamps"": [], ""source"": ""text_content"", ""frame_count"": 2, ""detections"": 2, ""occurrences"": 2, ""total_exposure_seconds"": 0.0, ""is_unknown"": false, ""is_discovered"": false}, {""name"": ""Zomato"", ""confidence"": 0.9368075728416443, ""timestamps"": [18.0, 19.0, 20.0, 21.0, 22.0], ""source"": ""known"", ""frame_count"": 5, ""detections"": 5, ""occurrences"": 5, ""total_exposure_seconds"": 5.0, ""is_unknown"": false, ""is_discovered"": false}, {""name"": ""Sony"", ""confidence"": 0.8999999999999999, ""timestamps"": [], ""source"": ""text_content"", ""frame_count"": 2, ""detections"": 2, ""occurrences"": 2, ""total_exposure_seconds"": 0.0, ""is_unknown"": false, ""is_discovered"": false}, {""name"": ""Rockstar"", ""confidence"": 0.8999999999999999, ""timestamps"": [], ""source"": ""text_content"", ""frame_count"": 1, ""detections"": 1, ""occurrences"": 1, ""total_exposure_seconds"": 0.0, ""is_unknown"": false, ""is_discovered"": false}, {""name"": ""Xbox"", ""confidence"": 0.8999999999999999, ""timestamps"": [], ""source"": ""text_content"", ""frame_count"": 2, ""detections"": 2, ""occurrences"": 2, ""total_exposure_seconds"": 0.0, ""is_unknown"": false, ""is_discovered"": false}, {""name"": ""Twitch"", ""confidence"": 0.8999999999999999, ""timestamps"": [], ""source"": ""text_content"", ""frame_count"": 2, ""detections"": 2, ""occurrences"": 2, ""total_exposure_seconds"": 0.0, ""is_unknown"": false, ""is_discovered"": false}, {""name"": ""Discord"", ""confidence"": 0.8999999999999999, ""timestamps"": [], ""source"": ""text_content"", ""frame_count"": 3, ""detections"": 3, ""occurrences"": 3, ""total_exposure_seconds"": 0.0, ""is_unknown"": false, ""is_discovered"": false}, {""name"": ""Logitech"", ""confidence"": 0.8999999999999999, ""timestamps"": [], ""source"": ""text_content"", ""frame_count"": 2, ""detections"": 2, ""occurrences"": 2, ""total_exposure_seconds"": 0.0, ""is_unknown"": false, ""is_discovered"": false}, {""name"": ""WhatsApp"", ""confidence"": 0.8999999999999999, ""timestamps"": [], ""source"": ""text_content"", ""frame_count"": 1, ""detections"": 1, ""occurrences"": 1, ""total_exposure_seconds"": 0.0, ""is_unknown"": false, ""is_discovered"": false}, {""name"": ""LinkedIn"", ""confidence"": 0.8999999999999999, ""timestamps"": [], ""source"": ""text_content"", ""frame_count"": 1, ""detections"": 1, ""occurrences"": 1, ""total_exposure_seconds"": 0.0, ""is_unknown"": false, ""is_discovered"": false}, {""name"": ""Patreon"", ""confidence"": 0.8999999999999999, ""timestamps"": [], ""source"": ""text_content"", ""frame_count"": 2, ""detections"": 2, ""occurrences"": 2, ""total_exposure_seconds"": 0.0, ""is_unknown"": false, ""is_discovered"": false}, {""name"": ""OnlyFans"", ""confidence"": 0.8999999999999999, ""timestamps"": [], ""source"": ""text_content"", ""frame_count"": 2, ""detections"": 2, ""occurrences"": 2, ""total_exposure_seconds"": 0.0, ""is_unknown"": false, ""is_discovered"": false}, {""name"": ""Vimeo"", ""confidence"": 0.8999999999999999, ""timestamps"": [], ""source"": ""text_content"", ""frame_count"": 2, ""detections"": 2, ""occurrences"": 2, ""total_exposure_seconds"": 0.0, ""is_unknown"": false, ""is_discovered"": false}, {""name"": ""Dailymotion"", ""confidence"": 0.8999999999999999, ""timestamps"": [], ""source"": ""text_content"", ""frame_count"": 1, ""detections"": 1, ""occurrences"": 1, ""total_exposure_seconds"": 0.0, ""is_unknown"": false, ""is_discovered"": false}, {""name"": ""Battle.net"", ""confidence"": 0.8999999999999999, ""timestamps"": [], ""source"": ""text_content"", ""frame_count"": 1, ""detections"": 1, ""occurrences"": 1, ""total_exposure_seconds"": 0.0, ""is_unknown"": false, ""is_discovered"": false}, {""name"": ""Capcom"", ""confidence"": 0.8999999999999999, ""timestamps"": [], ""source"": ""text_content"", ""frame_count"": 1, ""detections"": 1, ""occurrences"": 1, ""total_exposure_seconds"": 0.0, ""is_unknown"": false, ""is_discovered"": false}, {""name"": ""Samsung"", ""confidence"": 0.82, ""timestamps"": [], ""source"": ""text_content"", ""frame_count"": 1, ""detections"": 1, ""occurrences"": 1, ""total_exposure_seconds"": 0.0, ""is_unknown"": false, ""is_discovered"": false}, {""name"": ""Intel"", ""confidence"": 0.82, ""timestamps"": [], ""source"": ""text_content"", ""frame_count"": 1, ""detections"": 1, ""occurrences"": 1, ""total_exposure_seconds"": 0.0, ""is_unknown"": false, ""is_discovered"": false}, {""name"": ""NVIDIA"", ""confidence"": 0.82, ""timestamps"": [], ""source"": ""text_content"", ""frame_count"": 1, ""detections"": 1, ""occurrences"": 1, ""total_exposure_seconds"": 0.0, ""is_unknown"": false, ""is_discovered"": false}, {""name"": ""ASUS"", ""confidence"": 0.82, ""timestamps"": [], ""source"": ""text_content"", ""frame_count"": 1, ""detections"": 1, ""occurrences"": 1, ""total_exposure_seconds"": 0.0, ""is_unknown"": false, ""is_discovered"": false}, {""name"": ""Amazon"", ""confidence"": 0.82, ""timestamps"": [], ""source"": ""text_content"", ""frame_count"": 1, ""detections"": 1, ""occurrences"": 1, ""total_exposure_seconds"": 0.0, ""is_unknown"": false, ""is_discovered"": false}, {""name"": ""Corsair"", ""confidence"": 0.82, ""timestamps"": [], ""source"": ""text_content"", ""frame_count"": 1, ""detections"": 1, ""occurrences"": 1, ""total_exposure_seconds"": 0.0, ""is_unknown"": false, ""is_discovered"": false}, {""name"": ""TikTok"", ""confidence"": 0.82, ""timestamps"": [], ""source"": ""text_content"", ""frame_count"": 1, ""detections"": 1, ""occurrences"": 1, ""total_exposure_seconds"": 0.0, ""is_unknown"": false, ""is_discovered"": false}, {""name"": ""Instagram"", ""confidence"": 0.82, ""timestamps"": [], ""source"": ""text_content"", ""frame_count"": 1, ""detections"": 1, ""occurrences"": 1, ""total_exposure_seconds"": 0.0, ""is_unknown"": false, ""is_discovered"": false}, {""name"": ""Facebook"", ""confidence"": 0.82, ""timestamps"": [], ""source"": ""text_content"", ""frame_count"": 1, ""detections"": 1, ""occurrences"": 1, ""total_exposure_seconds"": 0.0, ""is_unknown"": false, ""is_discovered"": false}, {""name"": ""Twitter"", ""confidence"": 0.82, ""timestamps"": [], ""source"": ""text_content"", ""frame_count"": 1, ""detections"": 1, ""occurrences"": 1, ""total_exposure_seconds"": 0.0, ""is_unknown"": false, ""is_discovered"": false}, {""name"": ""EA"", ""confidence"": 0.74, ""timestamps"": [], ""source"": ""text_content"", ""frame_count"": 1, ""detections"": 1, ""occurrences"": 1, ""total_exposure_seconds"": 0.0, ""is_unknown"": false, ""is_discovered"": false}, {""name"": ""Ram"", ""confidence"": 0.66, ""timestamps"": [], ""source"": ""text_content"", ""frame_count"": 1, ""detections"": 1, ""occurrences"": 1, ""total_exposure_seconds"": 0.0, ""is_unknown"": false, ""is_discovered"": false}, {""name"": ""Вкусно и точка"", ""confidence"": 0.46820563077926636, ""timestamps"": [3.0, 7.0, 8.0, 9.0, 10.0, 11.0, 12.0], ""source"": ""known"", ""frame_count"": 7, ""detections"": 7, ""occurrences"": 7, ""total_exposure_seconds"": 7.0, ""is_unknown"": false, ""is_discovered"": false}]",,,,https://paypal.me/jonathanbj1977; https://wlo.link/@jonathanbj1977; https://streamelements.com/jmgyoutube/tip; https://streamelements.com/jonathanbj1977/tip; https://www.youtube.com/channel/UCQMVwKIHqBO2CCOK8vZJ9vQ/join; https://twitter.com/jonathanbj1977; https://www.twitch.tv/jonathanbj1977; https://www.lurkit.com/jonathanbj1977; https://www.tiktok.com/@jonathanbj1977; http://www.youtube.com/c/jonathanbj1977; https://www.facebook.com/jonathanbj1977; https://www.instagram.com/jonathanbj1977; https://www.futureelectronicservicesllc.com; https://discord.io/jonathanbj1977; https://link.xsolla.com/QPCI7shc; https://www.epicgames.com/store/p/fortnite?epic_creator_id; https://www.cdkeys.com/?mw_aref=jonathanbj1977; https://www.g2a.com/r/jonathanbj1977; https://game.capcom.com/residentevil/en/ambassador.html; https://wa.link/8etul2; https://clic.ly/jonathanbj1977; https://dlive.tv/jonathanbj1977; https://hover.gg/jonathanbj1977; https://trovo.live/jonathanbj1977; https://linktr.ee/jonathanbj1977; https://efuse.gg/u/jonathanbj1977; https://fansly.com/jonathanbj1977; https://vimeo.com/jonathanbj1977; https://jonathanbj1977.tumblr.com; http://jonathanbj1977.blogspot.com; https://influence.co/jonathanbj1977; https://disqus.com/by/jonathanbj1977; https://onlyfans.com/jonathanbj1977; https://futureelectronicservicesllc.com; https://myspace.com/jonathanbj1977; https://bandcamp.com/jonathanbj1977; https://www.pscp.tv/jonathanbj1977/follow; https://www.pinterest.com/jonathanbj1977; https://www.linkedin.com/in/jonathanbj1977; https://steamcommunity.com/id/jonathanbj1977; https://www.reddit.com/r/POSTUncensored; https://www.snapchat.com/add/jonathanbj1977; https://www.dailymotion.com/jonathanbj1977; https://www.patreon.com/jonathanbj1977?fan_landing=true; https://www.extra-life.org/participant/jonathanbj1977; https://www.amazon.com/gp/profile/amzn1.account.AGZR3KKERLV6S7TP7DWLQEFSAZS,"Hey guys, I would like to talk to you about in company I am trying out and it is called  Factor 75.  Factor 75 is all fresh ready made meals delivered to your doorstep when you sign up.  Factor 75's shelf-created meals are fresh and never frozen and designed by dietitians to  ensure every meal is packed with premium, science-backed nutritional quality.  Some more meal prep, no more dishes, no more unhealthy fast food.  Factor 75 offers the most convenient way to eat, well, while eating right.  F",,207.01,True,low_confidence,veritasad_auto,
video::https://www.youtube.com/watch?v=HoY5Hc2baH8,completed,video,youtube,youtube_search,,#ad sponsored review promo code,https://www.youtube.com/watch?v=HoY5Hc2baH8,,#AD Emma Mattress Review and Special Discount Code,Nomipalony,1284.0828000000001,True,0.5060384918212891,unofficial,Consistent brand evidence detected without official disclosure.,0.7883567810058594,0.0,0.995,0.0,0.3,Nothing; Medium; Fresh; Steam; Instagram; Facebook; Twitter; Pinterest; Poshmark,"[{""name"": ""Nothing"", ""confidence"": 0.9799999999999999, ""timestamps"": [], ""source"": ""text_content"", ""frame_count"": 2, ""detections"": 2, ""occurrences"": 2, ""total_exposure_seconds"": 0.0, ""is_unknown"": false, ""is_discovered"": false}, {""name"": ""Medium"", ""confidence"": 0.8999999999999999, ""timestamps"": [], ""source"": ""text_content"", ""frame_count"": 1, ""detections"": 1, ""occurrences"": 1, ""total_exposure_seconds"": 0.0, ""is_unknown"": false, ""is_discovered"": false}, {""name"": ""Fresh"", ""confidence"": 0.8999999999999999, ""timestamps"": [], ""source"": ""text_content"", ""frame_count"": 1, ""detections"": 1, ""occurrences"": 1, ""total_exposure_seconds"": 0.0, ""is_unknown"": false, ""is_discovered"": false}, {""name"": ""Steam"", ""confidence"": 0.82, ""timestamps"": [], ""source"": ""text_content"", ""frame_count"": 1, ""detections"": 1, ""occurrences"": 1, ""total_exposure_seconds"": 0.0, ""is_unknown"": false, ""is_discovered"": false}, {""name"": ""Instagram"", ""confidence"": 0.82, ""timestamps"": [], ""source"": ""text_content"", ""frame_count"": 1, ""detections"": 1, ""occurrences"": 1, ""total_exposure_seconds"": 0.0, ""is_unknown"": false, ""is_discovered"": false}, {""name"": ""Facebook"", ""confidence"": 0.82, ""timestamps"": [], ""source"": ""text_content"", ""frame_count"": 1, ""detections"": 1, ""occurrences"": 1, ""total_exposure_seconds"": 0.0, ""is_unknown"": false, ""is_discovered"": false}, {""name"": ""Twitter"", ""confidence"": 0.82, ""timestamps"": [], ""source"": ""text_content"", ""frame_count"": 1, ""detections"": 1, ""occurrences"": 1, ""total_exposure_seconds"": 0.0, ""is_unknown"": false, ""is_discovered"": false}, {""name"": ""Pinterest"", ""confidence"": 0.82, ""timestamps"": [], ""source"": ""text_content"", ""frame_count"": 1, ""detections"": 1, ""occurrences"": 1, ""total_exposure_seconds"": 0.0, ""is_unknown"": false, ""is_discovered"": false}, {""name"": ""Poshmark"", ""confidence"": 0.7883567810058594, ""timestamps"": [2.9029000000000003, 3.8705333333333334, 4.838166666666667, 5.8058000000000005, 6.773433333333333, 7.741066666666667, 8.7087], ""source"": ""known"", ""frame_count"": 7, ""detections"": 7, ""occurrences"": 7, ""total_exposure_seconds"": 6.77, ""is_unknown"": false, ""is_discovered"": false}]",,,,https://www.nomipalony.com/ad-emma-mattress-review-unboxing-and-discount-code/; https://tidd.ly/3qpiX32; https://www.nomipalony.com; https://www.facebook.com/nomipalony; https://twitter.com/nomipalony; https://www.instagram.com/nomipalony; https://uk.pinterest.com/Nomipalony,"Hello and welcome to our channel today, it's Normie Bloney and I'm Naomi and we've not done any vlogs for a while  but we're back today because we are doing a review for Emma. So Emma, have very kindly sent us one of the original mattresses  and we're going to do an unboxing today, tell you about it, we're going to show you it in flat on the bed  to see what these mattresses are that come out of a box alike and then we'll do a little bit of  to-camera stuff over the weeks as we've tried it out s",,963.84,True,low_confidence,veritasad_auto,
video::https://www.youtube.com/watch?v=aeukiuIkHdk,completed,video,youtube,youtube_search,,#ad sponsored review promo code,https://www.youtube.com/watch?v=aeukiuIkHdk,,Dermstore x Subscription Sisters Edit + Coupon Code | ONLY $75 FOR 7 ITEMS!!,Subscription Sisters,1294.7333333333333,True,0.5738111567497254,official,Disclosure markers detected (e.g. ERID/#ad/#реклама).,0.6991416215896606,0.0,1.0,1.0,0.0,Instagram; Nothing; Line; Facebook; YouTube; Burn; Fresh; Ulta Beauty; For; Want; Have; Send; Subscription; Dior Beauty; S7 Airlines,"[{""name"": ""Instagram"", ""confidence"": 0.9799999999999999, ""timestamps"": [], ""source"": ""text_content"", ""frame_count"": 5, ""detections"": 5, ""occurrences"": 5, ""total_exposure_seconds"": 0.0, ""is_unknown"": false, ""is_discovered"": false}, {""name"": ""Nothing"", ""confidence"": 0.8999999999999999, ""timestamps"": [], ""source"": ""text_content"", ""frame_count"": 1, ""detections"": 1, ""occurrences"": 1, ""total_exposure_seconds"": 0.0, ""is_unknown"": false, ""is_discovered"": false}, {""name"": ""Line"", ""confidence"": 0.8999999999999999, ""timestamps"": [], ""source"": ""text_content"", ""frame_count"": 1, ""detections"": 1, ""occurrences"": 1, ""total_exposure_seconds"": 0.0, ""is_unknown"": false, ""is_discovered"": false}, {""name"": ""Facebook"", ""confidence"": 0.8999999999999999, ""timestamps"": [], ""source"": ""text_content"", ""frame_count"": 2, ""detections"": 2, ""occurrences"": 2, ""total_exposure_seconds"": 0.0, ""is_unknown"": false, ""is_discovered"": false}, {""name"": ""YouTube"", ""confidence"": 0.8999999999999999, ""timestamps"": [], ""source"": ""text_content"", ""frame_count"": 3, ""detections"": 3, ""occurrences"": 3, ""total_exposure_seconds"": 0.0, ""is_unknown"": false, ""is_discovered"": false}, {""name"": ""Burn"", ""confidence"": 0.8999999999999999, ""timestamps"": [], ""source"": ""text_content"", ""frame_count"": 3, ""detections"": 3, ""occurrences"": 3, ""total_exposure_seconds"": 0.0, ""is_unknown"": false, ""is_discovered"": false}, {""name"": ""Fresh"", ""confidence"": 0.82, ""timestamps"": [], ""source"": ""text_content"", ""frame_count"": 1, ""detections"": 1, ""occurrences"": 1, ""total_exposure_seconds"": 0.0, ""is_unknown"": false, ""is_discovered"": false}, {""name"": ""Ulta Beauty"", ""confidence"": 0.6991416215896606, ""timestamps"": [0.0, 2.0, 10.0, 11.0, 12.0, 13.0, 14.0, 15.0, 16.0, 17.0, 18.0, 19.0, 20.0, 21.0, 22.0, 23.0], ""source"": ""known"", ""frame_count"": 16, ""detections"": 16, ""occurrences"": 16, ""total_exposure_seconds"": 16.0, ""is_unknown"": false, ""is_discovered"": false}, {""name"": ""For"", ""confidence"": 0.6, ""timestamps"": [], ""source"": ""contextual_discovery"", ""frame_count"": 1, ""detections"": 1, ""occurrences"": 1, ""total_exposure_seconds"": 0.0, ""is_unknown"": false, ""is_discovered"": true}, {""name"": ""Want"", ""confidence"": 0.6, ""timestamps"": [], ""source"": ""contextual_discovery"", ""frame_count"": 1, ""detections"": 1, ""occurrences"": 1, ""total_exposure_seconds"": 0.0, ""is_unknown"": false, ""is_discovered"": true}, {""name"": ""Have"", ""confidence"": 0.6, ""timestamps"": [], ""source"": ""contextual_discovery"", ""frame_count"": 1, ""detections"": 1, ""occurrences"": 1, ""total_exposure_seconds"": 0.0, ""is_unknown"": false, ""is_discovered"": true}, {""name"": ""Send"", ""confidence"": 0.6, ""timestamps"": [], ""source"": ""contextual_discovery"", ""frame_count"": 1, ""detections"": 1, ""occurrences"": 1, ""total_exposure_seconds"": 0.0, ""is_unknown"": false, ""is_discovered"": true}, {""name"": ""Subscription"", ""confidence"": 0.6, ""timestamps"": [], ""source"": ""contextual_discovery"", ""frame_count"": 1, ""detections"": 1, ""occurrences"": 1, ""total_exposure_seconds"": 0.0, ""is_unknown"": false, ""is_discovered"": true}, {""name"": ""Dior Beauty"", ""confidence"": 0.47381454706192017, ""timestamps"": [1.0, 3.0, 4.0], ""source"": ""known"", ""frame_count"": 3, ""detections"": 3, ""occurrences"": 3, ""total_exposure_seconds"": 3.0, ""is_unknown"": false, ""is_discovered"": false}, {""name"": ""S7 Airlines"", ""confidence"": 0.4334533214569092, ""timestamps"": [6.0, 7.0, 8.0, 9.0], ""source"": ""known"", ""frame_count"": 4, ""detections"": 4, ""occurrences"": 4, ""total_exposure_seconds"": 4.0, ""is_unknown"": false, ""is_discovered"": false}]",,#ad,,https://prf.hn/l/62wMq0X/; https://www.instagram.com/dermstore/; https://www.buymeacoffee.com/SubSisters; http://instagram.com/subscription_sisters/; https://www.facebook.com/subsisters,"Dermstar just released a new edit and it's in collaboration with me!  Hey beautifuls, welcome back to my channel today! So today it is finally here!  This is the official kickoff video and unboxing of the collaboration between myself and Dermstar.  Now I have to tell you guys that this has been months of hard work. We have been working on this since the very first  part of August and it's finally here. My bags have arrived. We're doing not only the full unboxing  but we're also going to be hosti",,655.3,True,low_confidence,veritasad_auto,
video::https://www.youtube.com/watch?v=figWQgSItV0,completed,video,youtube,youtube_search,,paid promotion coupon code review,https://www.youtube.com/watch?v=figWQgSItV0,,💸 “Helium 10 Coupon Code 2026 🔥 Don’t Pay Full Price Again!”,Digital Discount Hub,58.36666666666667,True,0.6902434829101564,hidden_ad,"Potential hidden advertising detected. CTA: True, Commercial links: True. Links: https://couponhunter29.blogspot.com/2026/05/helium-10-coupons-deals-enjoy-20.html",0.655921459197998,0.0,0.9355027210235597,1.0,0.8,Amazon; HelloTalk; Helium; This,"[{""name"": ""Amazon"", ""confidence"": 0.9799999999999999, ""timestamps"": [], ""source"": ""text_content"", ""frame_count"": 2, ""detections"": 2, ""occurrences"": 2, ""total_exposure_seconds"": 0.0, ""is_unknown"": false, ""is_discovered"": false}, {""name"": ""HelloTalk"", ""confidence"": 0.655921459197998, ""timestamps"": [0.0, 0.5, 1.0, 1.5, 2.0, 2.5, 3.0, 3.5, 4.0, 4.5, 5.0, 5.5, 6.0, 6.5, 7.0, 7.5, 8.0, 8.5, 9.0, 9.5, 10.0, 10.5, 11.0, 11.5], ""source"": ""known"", ""frame_count"": 24, ""detections"": 24, ""occurrences"": 24, ""total_exposure_seconds"": 12.0, ""is_unknown"": false, ""is_discovered"": false}, {""name"": ""Helium"", ""confidence"": 0.6, ""timestamps"": [], ""source"": ""contextual_discovery"", ""frame_count"": 1, ""detections"": 1, ""occurrences"": 1, ""total_exposure_seconds"": 0.0, ""is_unknown"": false, ""is_discovered"": true}, {""name"": ""This"", ""confidence"": 0.6, ""timestamps"": [], ""source"": ""contextual_discovery"", ""frame_count"": 1, ""detections"": 1, ""occurrences"": 1, ""total_exposure_seconds"": 0.0, ""is_unknown"": false, ""is_discovered"": true}]",,,click the link,https://couponhunter29.blogspot.com/2026/05/helium-10-coupons-deals-enjoy-20.html,"If you're looking for the easiest way to get the best Helium 10 discount, simply click the link in the description below.  This link is regularly updated to ensure you automatically receive the highest available deal,  no need to test multiple coupon codes yourself.  Once you're on the page, just choose to plan that fits your needs.  If required, you can also enter one of the codes mentioned in the description.  The discount will be applied instantly at checkout, and you'll still enjoy full acce",,59.35,True,low_confidence,veritasad_auto,
video::https://www.youtube.com/watch?v=s7m3GXqJ5uU,completed,video,youtube,youtube_search,,paid promotion coupon code review,https://www.youtube.com/watch?v=s7m3GXqJ5uU,,Hostinger Coupon Code | Hidden Deal: 85% OFF + 20% Extra,Growth Island,83.93333333333334,True,0.6817721445522309,hidden_ad,"Potential hidden advertising detected. CTA: True, Commercial links: True. Links: https://bit.ly/4q7LIgj, https://bit.ly/4q7LIgj",0.4840970039367676,0.0,0.9116814417362213,1.0,1.0,WooCommerce; Twitch; Booking.com,"[{""name"": ""WooCommerce"", ""confidence"": 0.8999999999999999, ""timestamps"": [2.0, 2.5, 3.0, 3.5, 4.0, 4.5, 6.0, 6.5, 7.0, 7.5, 8.0, 8.5, 10.5], ""source"": ""known,text_content"", ""frame_count"": 14, ""detections"": 14, ""occurrences"": 14, ""total_exposure_seconds"": 6.5, ""is_unknown"": false, ""is_discovered"": false}, {""name"": ""Twitch"", ""confidence"": 0.4840970039367676, ""timestamps"": [0.5, 1.0, 9.0, 10.0, 11.0, 11.5], ""source"": ""known"", ""frame_count"": 6, ""detections"": 6, ""occurrences"": 6, ""total_exposure_seconds"": 4.0, ""is_unknown"": false, ""is_discovered"": false}, {""name"": ""Booking.com"", ""confidence"": 0.46980100870132446, ""timestamps"": [1.5, 5.0, 5.5, 9.5], ""source"": ""known"", ""frame_count"": 4, ""detections"": 4, ""occurrences"": 4, ""total_exposure_seconds"": 2.0, ""is_unknown"": false, ""is_discovered"": false}]",,,click the link; Click the link,https://bit.ly/4q7LIgj; https://bit.ly/4q7LIgj; https://bit.ly/4q7LIgj,"If you want the best hosting or coupon code right now, click the link in the description  before you do anything else. It automatically applies the biggest discount available,  so you do not need to search for a hosting or promo code or type anything manually.  Here is what you are getting. Up to 85% off already applied, then an extra 20% comes off at checkout  on top of that. You also get free bonus months, a free domain, and free SSL included. That is  the full hosting or deal, and it only sho",,81.8,True,low_confidence,veritasad_auto,
video::https://www.youtube.com/watch?v=p-8dru6h5X0,completed,video,youtube,youtube_search,,paid promotion coupon code review,https://www.youtube.com/watch?v=p-8dru6h5X0,,FunderPro Coupon Code - Best FunderPro REVIEW & Discount Codes (2026),PROPFIRMS REVIEW,48.03333333333333,True,0.5544424986991883,unofficial,Consistent brand evidence detected without official disclosure.,0.8104273080825806,0.0,0.8433874675750733,1.0,0.0,E*TRADE; Coinbase,"[{""name"": ""E*TRADE"", ""confidence"": 0.8104273080825806, ""timestamps"": [0.0, 0.5, 1.0, 1.5], ""source"": ""known"", ""frame_count"": 4, ""detections"": 4, ""occurrences"": 4, ""total_exposure_seconds"": 2.0, ""is_unknown"": false, ""is_discovered"": false}, {""name"": ""Coinbase"", ""confidence"": 0.48267030715942383, ""timestamps"": [3.5, 4.0, 4.5, 5.0, 5.5, 6.0, 6.5, 7.0], ""source"": ""known"", ""frame_count"": 8, ""detections"": 8, ""occurrences"": 8, ""total_exposure_seconds"": 4.0, ""is_unknown"": false, ""is_discovered"": false}]",,,,"https://rebrand.ly/0jwv6cu; https://rebrand.ly/0jwv6cu; https://rebrand.ly/0jwv6cu,; https://rebrand.ly/0jwv6cu","Who listen up, Code Train Pro is live, and it's massive!  We are talking up to 30% off your Funder Pro challenge.  Yeah, it's a total game changer for your capital.  But here's the thing from a marketing perspective.  Offers like this, they're designed to move fast.  I'm looking at the redemption numbers right now, and the Trade Pro cap is hitting the  limit way faster than we expected.  Look, if you're serious about scaling your trading, you don't wait and see.  You won't be able to afford the ",,77.14,True,low_confidence,veritasad_auto,
video::https://www.youtube.com/watch?v=dvOO_efYyfM,completed,video,youtube,youtube_search,,paid promotion coupon code review,https://www.youtube.com/watch?v=dvOO_efYyfM,,(( 🛑 TODAY COUPON )) Helium 10 Coupon Code 2026 🔥| Best Coupon code for helium 10 | Helium 10,Deal Drops,88.86666666666666,True,0.7651237717895509,hidden_ad,"Potential hidden advertising detected. CTA: True, Commercial links: True. Links: https://i.helium10.com/dyKbeM, https://i.helium10.com/dyKbeM",0.8224281668663025,0.0,0.9435341967105866,1.0,1.0,Amazon; Discover; Helium; When; You; But,"[{""name"": ""Amazon"", ""confidence"": 0.9799999999999999, ""timestamps"": [], ""source"": ""text_content"", ""frame_count"": 7, ""detections"": 7, ""occurrences"": 7, ""total_exposure_seconds"": 0.0, ""is_unknown"": false, ""is_discovered"": false}, {""name"": ""Discover"", ""confidence"": 0.8224281668663025, ""timestamps"": [3.0], ""source"": ""known,text_content"", ""frame_count"": 2, ""detections"": 2, ""occurrences"": 2, ""total_exposure_seconds"": 0.5, ""is_unknown"": false, ""is_discovered"": false}, {""name"": ""Helium"", ""confidence"": 0.6, ""timestamps"": [], ""source"": ""contextual_discovery"", ""frame_count"": 1, ""detections"": 1, ""occurrences"": 1, ""total_exposure_seconds"": 0.0, ""is_unknown"": false, ""is_discovered"": true}, {""name"": ""When"", ""confidence"": 0.6, ""timestamps"": [], ""source"": ""contextual_discovery"", ""frame_count"": 1, ""detections"": 1, ""occurrences"": 1, ""total_exposure_seconds"": 0.0, ""is_unknown"": false, ""is_discovered"": true}, {""name"": ""You"", ""confidence"": 0.6, ""timestamps"": [], ""source"": ""contextual_discovery"", ""frame_count"": 1, ""detections"": 1, ""occurrences"": 1, ""total_exposure_seconds"": 0.0, ""is_unknown"": false, ""is_discovered"": true}, {""name"": ""But"", ""confidence"": 0.6, ""timestamps"": [], ""source"": ""contextual_discovery"", ""frame_count"": 1, ""detections"": 1, ""occurrences"": 1, ""total_exposure_seconds"": 0.0, ""is_unknown"": false, ""is_discovered"": true}]",,,click the link; Click the link,https://i.helium10.com/dyKbeM; https://i.helium10.com/dyKbeM; https://i.helium10.com/dyKbeM,"In this video, I'm going to show you how to get the maximum discount on Helium 10 using my special link in the description.  When you click the link in my description, the discount is already applied automatically. You don't need to do anything extra.  But here's where it gets better.  If you choose a 6-month plan, you can use the coupon code UJJWWAL20 and get a flat 20% off.  That's one of the highest discounts available right now.  And if you're not ready to commit for six months, you can stil",,36.1,True,low_confidence,veritasad_auto,
video::https://www.youtube.com/watch?v=uMm4jXEJ5Uk,completed,video,youtube,youtube_search,,paid promotion coupon code review,https://www.youtube.com/watch?v=uMm4jXEJ5Uk,,Funding Pips Discount Code - Best Funding Pips REVIEW & Coupon Codes (2026),AIR TRADING,41.13333333333333,False,0.3492954036512375,mention,Brand mention detected without enough advertising evidence.,0.38935527205467224,0.0,0.4415615849971772,1.0,0.0,eBay,"[{""name"": ""eBay"", ""confidence"": 0.38935527205467224, ""timestamps"": [0.0, 0.5, 1.0, 1.5, 2.0, 2.5, 3.0, 3.5, 4.0], ""source"": ""known"", ""frame_count"": 9, ""detections"": 9, ""occurrences"": 9, ""total_exposure_seconds"": 4.5, ""is_unknown"": false, ""is_discovered"": false}]",,,,https://rebrand.ly/FundingPips80,"Traders, listen up.  If you're still paying full price for funding PIPS challenges, you're literally leaving money on the table.  Right now, you can get an exclusive discount using code,  a 689,931E, but this offer won't last forever.  Instant funding, real payouts, and no time wasting rules.  It's why top traders are switching to funding PIPS today.  Don't be the one who finds out after the code expires.  Secure your deal now.  Link in the description and use code a 689,931E.",,47.17,True,low_confidence,veritasad_auto,
video::https://www.youtube.com/watch?v=-twk--q7sU8,completed,video,youtube,youtube_search,,paid promotion coupon code review,https://www.youtube.com/watch?v=-twk--q7sU8,,Hostinger Review 2026 | Hostinger Coupon Code 2026 95% Off + Free Domain,Web Hosting Master,422.9,False,0.49757829765181993,mention,Brand mention detected without enough advertising evidence.,0.1275377165991813,0.0,0.984,1.0,0.3,Google; Apple; PayPal,"[{""name"": ""Google"", ""confidence"": 0.9799999999999999, ""timestamps"": [], ""source"": ""text_content"", ""frame_count"": 2, ""detections"": 2, ""occurrences"": 2, ""total_exposure_seconds"": 0.0, ""is_unknown"": false, ""is_discovered"": false}, {""name"": ""Apple"", ""confidence"": 0.8999999999999999, ""timestamps"": [], ""source"": ""text_content"", ""frame_count"": 1, ""detections"": 1, ""occurrences"": 1, ""total_exposure_seconds"": 0.0, ""is_unknown"": false, ""is_discovered"": false}, {""name"": ""PayPal"", ""confidence"": 0.8999999999999999, ""timestamps"": [], ""source"": ""text_content"", ""frame_count"": 1, ""detections"": 1, ""occurrences"": 1, ""total_exposure_seconds"": 0.0, ""is_unknown"": false, ""is_discovered"": false}]",,,,http://hostinger.com/ALIRAZAMARKETING/,"Hello and welcome everyone this amazing host singer review. I'm here with the hosting premise, which I've been using from the last five years and  A special discount coupon code for anyone who want to buy their hosting. You can get as much as up to 95% of if you click on the link in the description and use either of the coupon code to get your hosting from hosting  Now let's get started on this amazing quick review. Once you click on the link in the description, you will be led to a page like th",,334.11,True,low_confidence,veritasad_auto,
